[
  {
    "inputs": [
      {
        "components": [
          {
            "internalType": "address",
            "name": "linkToken",
            "type": "address"
          },
          {
            "internalType": "uint64",
            "name": "chainSelector",
            "type": "uint64"
          },
          {
            "internalType": "uint64",
            "name": "destChainSelector",
            "type": "uint64"
          },
          {
            "internalType": "uint64",
            "name": "defaultTxGasLimit",
            "type": "uint64"
          },
          {
            "internalType": "uint96",
            "name": "maxNopFeesJuels",
            "type": "uint96"
          },
          {
            "internalType": "address",
            "name": "prevOnRamp",
            "type": "address"
          },
          {
            "internalType": "address",
            "name": "armProxy",
            "type": "address"
          }
        ],
        "internalType": "struct EVM2EVMOnRamp.StaticConfig",
        "name": "staticConfig",
        "type": "tuple"
      },
      {
        "components": [
          {
            "internalType": "address",
            "name": "router",
            "type": "address"
          },
          {
            "internalType": "uint16",
            "name": "maxNumberOfTokensPerMsg",
            "type": "uint16"
          },
          {
            "internalType": "uint32",
            "name": "destGasOverhead",
            "type": "uint32"
          },
          {
            "internalType": "uint16",
            "name": "destGasPerPayloadByte",
            "type": "uint16"
          },
          {
            "internalType": "uint32",
            "name": "destDataAvailabilityOverheadGas",
            "type": "uint32"
          },
          {
            "internalType": "uint16",
            "name": "destGasPerDataAvailabilityByte",
            "type": "uint16"
          },
          {
            "internalType": "uint16",
            "name": "destDataAvailabilityMultiplierBps",
            "type": "uint16"
          },
          {
            "internalType": "address",
            "name": "priceRegistry",
            "type": "address"
          },
          {
            "internalType": "uint32",
            "name": "maxDataBytes",
            "type": "uint32"
          },
          {
            "internalType": "uint32",
            "name": "maxPerMsgGasLimit",
            "type": "uint32"
          }
        ],
        "internalType": "struct EVM2EVMOnRamp.DynamicConfig",
        "name": "dynamicConfig",
        "type": "tuple"
      },
      {
        "components": [
          {
            "internalType": "address",
            "name": "token",
            "type": "address"
          },
          {
            "internalType": "address",
            "name": "pool",
            "type": "address"
          }
        ],
        "internalType": "struct Internal.PoolUpdate[]",
        "name": "tokensAndPools",
        "type": "tuple[]"
      },
      {
        "components": [
          {
            "internalType": "bool",
            "name": "isEnabled",
            "type": "bool"
          },
          {
            "internalType": "uint128",
            "name": "capacity",
            "type": "uint128"
          },
          {
            "internalType": "uint128",
            "name": "rate",
            "type": "uint128"
          }
        ],
        "internalType": "struct RateLimiter.Config",
        "name": "rateLimiterConfig",
        "type": "tuple"
      },
      {
        "components": [
          {
            "internalType": "address",
            "name": "token",
            "type": "address"
          },
          {
            "internalType": "uint32",
            "name": "networkFeeUSDCents",
            "type": "uint32"
          },
          {
            "internalType": "uint64",
            "name": "gasMultiplierWeiPerEth",
            "type": "uint64"
          },
          {
            "internalType": "uint64",
            "name": "premiumMultiplierWeiPerEth",
            "type": "uint64"
          },
          {
            "internalType": "bool",
            "name": "enabled",
            "type": "bool"
          }
        ],
        "internalType": "struct EVM2EVMOnRamp.FeeTokenConfigArgs[]",
        "name": "feeTokenConfigs",
        "type": "tuple[]"
      },
      {
        "components": [
          {
            "internalType": "address",
            "name": "token",
            "type": "address"
          },
          {
            "internalType": "uint32",
            "name": "minFeeUSDCents",
            "type": "uint32"
          },
          {
            "internalType": "uint32",
            "name": "maxFeeUSDCents",
            "type": "uint32"
          },
          {
            "internalType": "uint16",
            "name": "deciBps",
            "type": "uint16"
          },
          {
            "internalType": "uint32",
            "name": "destGasOverhead",
            "type": "uint32"
          },
          {
            "internalType": "uint32",
            "name": "destBytesOverhead",
            "type": "uint32"
          }
        ],
        "internalType": "struct EVM2EVMOnRamp.TokenTransferFeeConfigArgs[]",
        "name": "tokenTransferFeeConfigArgs",
        "type": "tuple[]"
      },
      {
        "components": [
          {
            "internalType": "address",
            "name": "nop",
            "type": "address"
          },
          {
            "internalType": "uint16",
            "name": "weight",
            "type": "uint16"
          }
        ],
        "internalType": "struct EVM2EVMOnRamp.NopAndWeight[]",
        "name": "nopsAndWeights",
        "type": "tuple[]"
      }
    ],
    "stateMutability": "nonpayable",
    "type": "constructor"
  },
  {
    "inputs": [
      {
        "internalType": "uint256",
        "name": "capacity",
        "type": "uint256"
      },
      {
        "internalType": "uint256",
        "name": "requested",
        "type": "uint256"
      }
    ],
    "name": "AggregateValueMaxCapacityExceeded",
    "type": "error"
  },
  {
    "inputs": [
      {
        "internalType": "uint256",
        "name": "minWaitInSeconds",
        "type": "uint256"
      },
      {
        "internalType": "uint256",
        "name": "available",
        "type": "uint256"
      }
    ],
    "name": "AggregateValueRateLimitReached",
    "type": "error"
  },
  {
    "inputs": [],
    "name": "BadARMSignal",
    "type": "error"
  },
  {
    "inputs": [],
    "name": "BucketOverfilled",
    "type": "error"
  },
  {
    "inputs": [],
    "name": "CannotSendZeroTokens",
    "type": "error"
  },
  {
    "inputs": [],
    "name": "InsufficientBalance",
    "type": "error"
  },
  {
    "inputs": [
      {
        "internalType": "bytes",
        "name": "encodedAddress",
        "type": "bytes"
      }
    ],
    "name": "InvalidAddress",
    "type": "error"
  },
  {
    "inputs": [
      {
        "internalType": "uint64",
        "name": "chainSelector",
        "type": "uint64"
      }
    ],
    "name": "InvalidChainSelector",
    "type": "error"
  },
  {
    "inputs": [],
    "name": "InvalidConfig",
    "type": "error"
  },
  {
    "inputs": [],
    "name": "InvalidExtraArgsTag",
    "type": "error"
  },
  {
    "inputs": [
      {
        "internalType": "address",
        "name": "nop",
        "type": "address"
      }
    ],
    "name": "InvalidNopAddress",
    "type": "error"
  },
  {
    "inputs": [],
    "name": "InvalidTokenPoolConfig",
    "type": "error"
  },
  {
    "inputs": [],
    "name": "InvalidWithdrawParams",
    "type": "error"
  },
  {
    "inputs": [],
    "name": "LinkBalanceNotSettled",
    "type": "error"
  },
  {
    "inputs": [],
    "name": "MaxFeeBalanceReached",
    "type": "error"
  },
  {
    "inputs": [],
    "name": "MessageGasLimitTooHigh",
    "type": "error"
  },
  {
    "inputs": [
      {
        "internalType": "uint256",
        "name": "maxSize",
        "type": "uint256"
      },
      {
        "internalType": "uint256",
        "name": "actualSize",
        "type": "uint256"
      }
    ],
    "name": "MessageTooLarge",
    "type": "error"
  },
  {
    "inputs": [],
    "name": "MustBeCalledByRouter",
    "type": "error"
  },
  {
    "inputs": [],
    "name": "NoFeesToPay",
    "type": "error"
  },
  {
    "inputs": [],
    "name": "NoNopsToPay",
    "type": "error"
  },
  {
    "inputs": [
      {
        "internalType": "address",
        "name": "token",
        "type": "address"
      }
    ],
    "name": "NotAFeeToken",
    "type": "error"
  },
  {
    "inputs": [],
    "name": "OnlyCallableByAdminOrOwner",
    "type": "error"
  },
  {
    "inputs": [],
    "name": "OnlyCallableByOwnerOrAdmin",
    "type": "error"
  },
  {
    "inputs": [],
    "name": "OnlyCallableByOwnerOrAdminOrNop",
    "type": "error"
  },
  {
    "inputs": [],
    "name": "PoolAlreadyAdded",
    "type": "error"
  },
  {
    "inputs": [
      {
        "internalType": "address",
        "name": "token",
        "type": "address"
      }
    ],
    "name": "PoolDoesNotExist",
    "type": "error"
  },
  {
    "inputs": [
      {
        "internalType": "address",
        "name": "token",
        "type": "address"
      }
    ],
    "name": "PriceNotFoundForToken",
    "type": "error"
  },
  {
    "inputs": [],
    "name": "RouterMustSetOriginalSender",
    "type": "error"
  },
  {
    "inputs": [
      {
        "internalType": "address",
        "name": "token",
        "type": "address"
      }
    ],
    "name": "SourceTokenDataTooLarge",
    "type": "error"
  },
  {
    "inputs": [
      {
        "internalType": "uint256",
        "name": "capacity",
        "type": "uint256"
      },
      {
        "internalType": "uint256",
        "name": "requested",
        "type": "uint256"
      },
      {
        "internalType": "address",
        "name": "tokenAddress",
        "type": "address"
      }
    ],
    "name": "TokenMaxCapacityExceeded",
    "type": "error"
  },
  {
    "inputs": [],
    "name": "TokenPoolMismatch",
    "type": "error"
  },
  {
    "inputs": [
      {
        "internalType": "uint256",
        "name": "minWaitInSeconds",
        "type": "uint256"
      },
      {
        "internalType": "uint256",
        "name": "available",
        "type": "uint256"
      },
      {
        "internalType": "address",
        "name": "tokenAddress",
        "type": "address"
      }
    ],
    "name": "TokenRateLimitReached",
    "type": "error"
  },
  {
    "inputs": [],
    "name": "TooManyNops",
    "type": "error"
  },
  {
    "inputs": [],
    "name": "UnsupportedNumberOfTokens",
    "type": "error"
  },
  {
    "inputs": [
      {
        "internalType": "contract IERC20",
        "name": "token",
        "type": "address"
      }
    ],
    "name": "UnsupportedToken",
    "type": "error"
  },
  {
    "anonymous": false,
    "inputs": [
      {
        "indexed": false,
        "internalType": "address",
        "name": "newAdmin",
        "type": "address"
      }
    ],
    "name": "AdminSet",
    "type": "event"
  },
  {
    "anonymous": false,
    "inputs": [
      {
        "components": [
          {
            "internalType": "uint64",
            "name": "sourceChainSelector",
            "type": "uint64"
          },
          {
            "internalType": "address",
            "name": "sender",
            "type": "address"
          },
          {
            "internalType": "address",
            "name": "receiver",
            "type": "address"
          },
          {
            "internalType": "uint64",
            "name": "sequenceNumber",
            "type": "uint64"
          },
          {
            "internalType": "uint256",
            "name": "gasLimit",
            "type": "uint256"
          },
          {
            "internalType": "bool",
            "name": "strict",
            "type": "bool"
          },
          {
            "internalType": "uint64",
            "name": "nonce",
            "type": "uint64"
          },
          {
            "internalType": "address",
            "name": "feeToken",
            "type": "address"
          },
          {
            "internalType": "uint256",
            "name": "feeTokenAmount",
            "type": "uint256"
          },
          {
            "internalType": "bytes",
            "name": "data",
            "type": "bytes"
          },
          {
            "components": [
              {
                "internalType": "address",
                "name": "token",
                "type": "address"
              },
              {
                "internalType": "uint256",
                "name": "amount",
                "type": "uint256"
              }
            ],
            "internalType": "struct Client.EVMTokenAmount[]",
            "name": "tokenAmounts",
            "type": "tuple[]"
          },
          {
            "internalType": "bytes[]",
            "name": "sourceTokenData",
            "type": "bytes[]"
          },
          {
            "internalType": "bytes32",
            "name": "messageId",
            "type": "bytes32"
          }
        ],
        "indexed": false,
        "internalType": "struct Internal.EVM2EVMMessage",
        "name": "message",
        "type": "tuple"
      }
    ],
    "name": "CCIPSendRequested",
    "type": "event"
  },
  {
    "anonymous": false,
    "inputs": [
      {
        "components": [
          {
            "internalType": "address",
            "name": "linkToken",
            "type": "address"
          },
          {
            "internalType": "uint64",
            "name": "chainSelector",
            "type": "uint64"
          },
          {
            "internalType": "uint64",
            "name": "destChainSelector",
            "type": "uint64"
          },
          {
            "internalType": "uint64",
            "name": "defaultTxGasLimit",
            "type": "uint64"
          },
          {
            "internalType": "uint96",
            "name": "maxNopFeesJuels",
            "type": "uint96"
          },
          {
            "internalType": "address",
            "name": "prevOnRamp",
            "type": "address"
          },
          {
            "internalType": "address",
            "name": "armProxy",
            "type": "address"
          }
        ],
        "indexed": false,
        "internalType": "struct EVM2EVMOnRamp.StaticConfig",
        "name": "staticConfig",
        "type": "tuple"
      },
      {
        "components": [
          {
            "internalType": "address",
            "name": "router",
            "type": "address"
          },
          {
            "internalType": "uint16",
            "name": "maxNumberOfTokensPerMsg",
            "type": "uint16"
          },
          {
            "internalType": "uint32",
            "name": "destGasOverhead",
            "type": "uint32"
          },
          {
            "internalType": "uint16",
            "name": "destGasPerPayloadByte",
            "type": "uint16"
          },
          {
            "internalType": "uint32",
            "name": "destDataAvailabilityOverheadGas",
            "type": "uint32"
          },
          {
            "internalType": "uint16",
            "name": "destGasPerDataAvailabilityByte",
            "type": "uint16"
          },
          {
            "internalType": "uint16",
            "name": "destDataAvailabilityMultiplierBps",
            "type": "uint16"
          },
          {
            "internalType": "address",
            "name": "priceRegistry",
            "type": "address"
          },
          {
            "internalType": "uint32",
            "name": "maxDataBytes",
            "type": "uint32"
          },
          {
            "internalType": "uint32",
            "name": "maxPerMsgGasLimit",
            "type": "uint32"
          }
        ],
        "indexed": false,
        "internalType": "struct EVM2EVMOnRamp.DynamicConfig",
        "name": "dynamicConfig",
        "type": "tuple"
      }
    ],
    "name": "ConfigSet",
    "type": "event"
  },
  {
    "anonymous": false,
    "inputs": [
      {
        "components": [
          {
            "internalType": "address",
            "name": "token",
            "type": "address"
          },
          {
            "internalType": "uint32",
            "name": "networkFeeUSDCents",
            "type": "uint32"
          },
          {
            "internalType": "uint64",
            "name": "gasMultiplierWeiPerEth",
            "type": "uint64"
          },
          {
            "internalType": "uint64",
            "name": "premiumMultiplierWeiPerEth",
            "type": "uint64"
          },
          {
            "internalType": "bool",
            "name": "enabled",
            "type": "bool"
          }
        ],
        "indexed": false,
        "internalType": "struct EVM2EVMOnRamp.FeeTokenConfigArgs[]",
        "name": "feeConfig",
        "type": "tuple[]"
      }
    ],
    "name": "FeeConfigSet",
    "type": "event"
  },
  {
    "anonymous": false,
    "inputs": [
      {
        "indexed": true,
        "internalType": "address",
        "name": "nop",
        "type": "address"
      },
      {
        "indexed": false,
        "internalType": "uint256",
        "name": "amount",
        "type": "uint256"
      }
    ],
    "name": "NopPaid",
    "type": "event"
  },
  {
    "anonymous": false,
    "inputs": [
      {
        "indexed": false,
        "internalType": "uint256",
        "name": "nopWeightsTotal",
        "type": "uint256"
      },
      {
        "components": [
          {
            "internalType": "address",
            "name": "nop",
            "type": "address"
          },
          {
            "internalType": "uint16",
            "name": "weight",
            "type": "uint16"
          }
        ],
        "indexed": false,
        "internalType": "struct EVM2EVMOnRamp.NopAndWeight[]",
        "name": "nopsAndWeights",
        "type": "tuple[]"
      }
    ],
    "name": "NopsSet",
    "type": "event"
  },
  {
    "anonymous": false,
    "inputs": [
      {
        "indexed": true,
        "internalType": "address",
        "name": "from",
        "type": "address"
      },
      {
        "indexed": true,
        "internalType": "address",
        "name": "to",
        "type": "address"
      }
    ],
    "name": "OwnershipTransferRequested",
    "type": "event"
  },
  {
    "anonymous": false,
    "inputs": [
      {
        "indexed": true,
        "internalType": "address",
        "name": "from",
        "type": "address"
      },
      {
        "indexed": true,
        "internalType": "address",
        "name": "to",
        "type": "address"
      }
    ],
    "name": "OwnershipTransferred",
    "type": "event"
  },
  {
    "anonymous": false,
    "inputs": [
      {
        "indexed": false,
        "internalType": "address",
        "name": "token",
        "type": "address"
      },
      {
        "indexed": false,
        "internalType": "address",
        "name": "pool",
        "type": "address"
      }
    ],
    "name": "PoolAdded",
    "type": "event"
  },
  {
    "anonymous": false,
    "inputs": [
      {
        "indexed": false,
        "internalType": "address",
        "name": "token",
        "type": "address"
      },
      {
        "indexed": false,
        "internalType": "address",
        "name": "pool",
        "type": "address"
      }
    ],
    "name": "PoolRemoved",
    "type": "event"
  },
  {
    "anonymous": false,
    "inputs": [
      {
        "components": [
          {
            "internalType": "address",
            "name": "token",
            "type": "address"
          },
          {
            "internalType": "uint32",
            "name": "minFeeUSDCents",
            "type": "uint32"
          },
          {
            "internalType": "uint32",
            "name": "maxFeeUSDCents",
            "type": "uint32"
          },
          {
            "internalType": "uint16",
            "name": "deciBps",
            "type": "uint16"
          },
          {
            "internalType": "uint32",
            "name": "destGasOverhead",
            "type": "uint32"
          },
          {
            "internalType": "uint32",
            "name": "destBytesOverhead",
            "type": "uint32"
          }
        ],
        "indexed": false,
        "internalType": "struct EVM2EVMOnRamp.TokenTransferFeeConfigArgs[]",
        "name": "transferFeeConfig",
        "type": "tuple[]"
      }
    ],
    "name": "TokenTransferFeeConfigSet",
    "type": "event"
  },
  {
    "inputs": [],
    "name": "acceptOwnership",
    "outputs": [],
    "stateMutability": "nonpayable",
    "type": "function"
  },
  {
    "inputs": [
      {
        "components": [
          {
            "internalType": "address",
            "name": "token",
            "type": "address"
          },
          {
            "internalType": "address",
            "name": "pool",
            "type": "address"
          }
        ],
        "internalType": "struct Internal.PoolUpdate[]",
        "name": "removes",
        "type": "tuple[]"
      },
      {
        "components": [
          {
            "internalType": "address",
            "name": "token",
            "type": "address"
          },
          {
            "internalType": "address",
            "name": "pool",
            "type": "address"
          }
        ],
        "internalType": "struct Internal.PoolUpdate[]",
        "name": "adds",
        "type": "tuple[]"
      }
    ],
    "name": "applyPoolUpdates",
    "outputs": [],
    "stateMutability": "nonpayable",
    "type": "function"
  },
  {
    "inputs": [],
    "name": "currentRateLimiterState",
    "outputs": [
      {
        "components": [
          {
            "internalType": "uint128",
            "name": "tokens",
            "type": "uint128"
          },
          {
            "internalType": "uint32",
            "name": "lastUpdated",
            "type": "uint32"
          },
          {
            "internalType": "bool",
            "name": "isEnabled",
            "type": "bool"
          },
          {
            "internalType": "uint128",
            "name": "capacity",
            "type": "uint128"
          },
          {
            "internalType": "uint128",
            "name": "rate",
            "type": "uint128"
          }
        ],
        "internalType": "struct RateLimiter.TokenBucket",
        "name": "",
        "type": "tuple"
      }
    ],
    "stateMutability": "view",
    "type": "function"
  },
  {
    "inputs": [
      {
        "internalType": "uint64",
        "name": "destChainSelector",
        "type": "uint64"
      },
      {
        "components": [
          {
            "internalType": "bytes",
            "name": "receiver",
            "type": "bytes"
          },
          {
            "internalType": "bytes",
            "name": "data",
            "type": "bytes"
          },
          {
            "components": [
              {
                "internalType": "address",
                "name": "token",
                "type": "address"
              },
              {
                "internalType": "uint256",
                "name": "amount",
                "type": "uint256"
              }
            ],
            "internalType": "struct Client.EVMTokenAmount[]",
            "name": "tokenAmounts",
            "type": "tuple[]"
          },
          {
            "internalType": "address",
            "name": "feeToken",
            "type": "address"
          },
          {
            "internalType": "bytes",
            "name": "extraArgs",
            "type": "bytes"
          }
        ],
        "internalType": "struct Client.EVM2AnyMessage",
        "name": "message",
        "type": "tuple"
      },
      {
        "internalType": "uint256",
        "name": "feeTokenAmount",
        "type": "uint256"
      },
      {
        "internalType": "address",
        "name": "originalSender",
        "type": "address"
      }
    ],
    "name": "forwardFromRouter",
    "outputs": [
      {
        "internalType": "bytes32",
        "name": "",
        "type": "bytes32"
      }
    ],
    "stateMutability": "nonpayable",
    "type": "function"
  },
  {
    "inputs": [],
    "name": "getDynamicConfig",
    "outputs": [
      {
        "components": [
          {
            "internalType": "address",
            "name": "router",
            "type": "address"
          },
          {
            "internalType": "uint16",
            "name": "maxNumberOfTokensPerMsg",
            "type": "uint16"
          },
          {
            "internalType": "uint32",
            "name": "destGasOverhead",
            "type": "uint32"
          },
          {
            "internalType": "uint16",
            "name": "destGasPerPayloadByte",
            "type": "uint16"
          },
          {
            "internalType": "uint32",
            "name": "destDataAvailabilityOverheadGas",
            "type": "uint32"
          },
          {
            "internalType": "uint16",
            "name": "destGasPerDataAvailabilityByte",
            "type": "uint16"
          },
          {
            "internalType": "uint16",
            "name": "destDataAvailabilityMultiplierBps",
            "type": "uint16"
          },
          {
            "internalType": "address",
            "name": "priceRegistry",
            "type": "address"
          },
          {
            "internalType": "uint32",
            "name": "maxDataBytes",
            "type": "uint32"
          },
          {
            "internalType": "uint32",
            "name": "maxPerMsgGasLimit",
            "type": "uint32"
          }
        ],
        "internalType": "struct EVM2EVMOnRamp.DynamicConfig",
        "name": "dynamicConfig",
        "type": "tuple"
      }
    ],
    "stateMutability": "view",
    "type": "function"
  },
  {
    "inputs": [],
    "name": "getExpectedNextSequenceNumber",
    "outputs": [
      {
        "internalType": "uint64",
        "name": "",
        "type": "uint64"
      }
    ],
    "stateMutability": "view",
    "type": "function"
  },
  {
    "inputs": [
      {
        "internalType": "uint64",
        "name": "destChainSelector",
        "type": "uint64"
      },
      {
        "components": [
          {
            "internalType": "bytes",
            "name": "receiver",
            "type": "bytes"
          },
          {
            "internalType": "bytes",
            "name": "data",
            "type": "bytes"
          },
          {
            "components": [
              {
                "internalType": "address",
                "name": "token",
                "type": "address"
              },
              {
                "internalType": "uint256",
                "name": "amount",
                "type": "uint256"
              }
            ],
            "internalType": "struct Client.EVMTokenAmount[]",
            "name": "tokenAmounts",
            "type": "tuple[]"
          },
          {
            "internalType": "address",
            "name": "feeToken",
            "type": "address"
          },
          {
            "internalType": "bytes",
            "name": "extraArgs",
            "type": "bytes"
          }
        ],
        "internalType": "struct Client.EVM2AnyMessage",
        "name": "message",
        "type": "tuple"
      }
    ],
    "name": "getFee",
    "outputs": [
      {
        "internalType": "uint256",
        "name": "feeTokenAmount",
        "type": "uint256"
      }
    ],
    "stateMutability": "view",
    "type": "function"
  },
  {
    "inputs": [
      {
        "internalType": "address",
        "name": "token",
        "type": "address"
      }
    ],
    "name": "getFeeTokenConfig",
    "outputs": [
      {
        "components": [
          {
            "internalType": "uint32",
            "name": "networkFeeUSDCents",
            "type": "uint32"
          },
          {
            "internalType": "uint64",
            "name": "gasMultiplierWeiPerEth",
            "type": "uint64"
          },
          {
            "internalType": "uint64",
            "name": "premiumMultiplierWeiPerEth",
            "type": "uint64"
          },
          {
            "internalType": "bool",
            "name": "enabled",
            "type": "bool"
          }
        ],
        "internalType": "struct EVM2EVMOnRamp.FeeTokenConfig",
        "name": "feeTokenConfig",
        "type": "tuple"
      }
    ],
    "stateMutability": "view",
    "type": "function"
  },
  {
    "inputs": [],
    "name": "getNopFeesJuels",
    "outputs": [
      {
        "internalType": "uint96",
        "name": "",
        "type": "uint96"
      }
    ],
    "stateMutability": "view",
    "type": "function"
  },
  {
    "inputs": [],
    "name": "getNops",
    "outputs": [
      {
        "components": [
          {
            "internalType": "address",
            "name": "nop",
            "type": "address"
          },
          {
            "internalType": "uint16",
            "name": "weight",
            "type": "uint16"
          }
        ],
        "internalType": "struct EVM2EVMOnRamp.NopAndWeight[]",
        "name": "nopsAndWeights",
        "type": "tuple[]"
      },
      {
        "internalType": "uint256",
        "name": "weightsTotal",
        "type": "uint256"
      }
    ],
    "stateMutability": "view",
    "type": "function"
  },
  {
    "inputs": [
      {
        "internalType": "uint64",
        "name": "",
        "type": "uint64"
      },
      {
        "internalType": "contract IERC20",
        "name": "sourceToken",
        "type": "address"
      }
    ],
    "name": "getPoolBySourceToken",
    "outputs": [
      {
        "internalType": "contract IPool",
        "name": "",
        "type": "address"
      }
    ],
    "stateMutability": "view",
    "type": "function"
  },
  {
    "inputs": [
      {
        "internalType": "address",
        "name": "sender",
        "type": "address"
      }
    ],
    "name": "getSenderNonce",
    "outputs": [
      {
        "internalType": "uint64",
        "name": "",
        "type": "uint64"
      }
    ],
    "stateMutability": "view",
    "type": "function"
  },
  {
    "inputs": [],
    "name": "getStaticConfig",
    "outputs": [
      {
        "components": [
          {
            "internalType": "address",
            "name": "linkToken",
            "type": "address"
          },
          {
            "internalType": "uint64",
            "name": "chainSelector",
            "type": "uint64"
          },
          {
            "internalType": "uint64",
            "name": "destChainSelector",
            "type": "uint64"
          },
          {
            "internalType": "uint64",
            "name": "defaultTxGasLimit",
            "type": "uint64"
          },
          {
            "internalType": "uint96",
            "name": "maxNopFeesJuels",
            "type": "uint96"
          },
          {
            "internalType": "address",
            "name": "prevOnRamp",
            "type": "address"
          },
          {
            "internalType": "address",
            "name": "armProxy",
            "type": "address"
          }
        ],
        "internalType": "struct EVM2EVMOnRamp.StaticConfig",
        "name": "",
        "type": "tuple"
      }
    ],
    "stateMutability": "view",
    "type": "function"
  },
  {
    "inputs": [
      {
        "internalType": "uint64",
        "name": "",
        "type": "uint64"
      }
    ],
    "name": "getSupportedTokens",
    "outputs": [
      {
        "internalType": "address[]",
        "name": "",
        "type": "address[]"
      }
    ],
    "stateMutability": "view",
    "type": "function"
  },
  {
    "inputs": [],
    "name": "getTokenLimitAdmin",
    "outputs": [
      {
        "internalType": "address",
        "name": "",
        "type": "address"
      }
    ],
    "stateMutability": "view",
    "type": "function"
  },
  {
    "inputs": [
      {
        "internalType": "address",
        "name": "token",
        "type": "address"
      }
    ],
    "name": "getTokenTransferFeeConfig",
    "outputs": [
      {
        "components": [
          {
            "internalType": "uint32",
            "name": "minFeeUSDCents",
            "type": "uint32"
          },
          {
            "internalType": "uint32",
            "name": "maxFeeUSDCents",
            "type": "uint32"
          },
          {
            "internalType": "uint16",
            "name": "deciBps",
            "type": "uint16"
          },
          {
            "internalType": "uint32",
            "name": "destGasOverhead",
            "type": "uint32"
          },
          {
            "internalType": "uint32",
            "name": "destBytesOverhead",
            "type": "uint32"
          }
        ],
        "internalType": "struct EVM2EVMOnRamp.TokenTransferFeeConfig",
        "name": "tokenTransferFeeConfig",
        "type": "tuple"
      }
    ],
    "stateMutability": "view",
    "type": "function"
  },
  {
    "inputs": [],
    "name": "linkAvailableForPayment",
    "outputs": [
      {
        "internalType": "int256",
        "name": "",
        "type": "int256"
      }
    ],
    "stateMutability": "view",
    "type": "function"
  },
  {
    "inputs": [],
    "name": "owner",
    "outputs": [
      {
        "internalType": "address",
        "name": "",
        "type": "address"
      }
    ],
    "stateMutability": "view",
    "type": "function"
  },
  {
    "inputs": [],
    "name": "payNops",
    "outputs": [],
    "stateMutability": "nonpayable",
    "type": "function"
  },
  {
    "inputs": [
      {
        "internalType": "address",
        "name": "newAdmin",
        "type": "address"
      }
    ],
    "name": "setAdmin",
    "outputs": [],
    "stateMutability": "nonpayable",
    "type": "function"
  },
  {
    "inputs": [
      {
        "components": [
          {
            "internalType": "address",
            "name": "router",
            "type": "address"
          },
          {
            "internalType": "uint16",
            "name": "maxNumberOfTokensPerMsg",
            "type": "uint16"
          },
          {
            "internalType": "uint32",
            "name": "destGasOverhead",
            "type": "uint32"
          },
          {
            "internalType": "uint16",
            "name": "destGasPerPayloadByte",
            "type": "uint16"
          },
          {
            "internalType": "uint32",
            "name": "destDataAvailabilityOverheadGas",
            "type": "uint32"
          },
          {
            "internalType": "uint16",
            "name": "destGasPerDataAvailabilityByte",
            "type": "uint16"
          },
          {
            "internalType": "uint16",
            "name": "destDataAvailabilityMultiplierBps",
            "type": "uint16"
          },
          {
            "internalType": "address",
            "name": "priceRegistry",
            "type": "address"
          },
          {
            "internalType": "uint32",
            "name": "maxDataBytes",
            "type": "uint32"
          },
          {
            "internalType": "uint32",
            "name": "maxPerMsgGasLimit",
            "type": "uint32"
          }
        ],
        "internalType": "struct EVM2EVMOnRamp.DynamicConfig",
        "name": "dynamicConfig",
        "type": "tuple"
      }
    ],
    "name": "setDynamicConfig",
    "outputs": [],
    "stateMutability": "nonpayable",
    "type": "function"
  },
  {
    "inputs": [
      {
        "components": [
          {
            "internalType": "address",
            "name": "token",
            "type": "address"
          },
          {
            "internalType": "uint32",
            "name": "networkFeeUSDCents",
            "type": "uint32"
          },
          {
            "internalType": "uint64",
            "name": "gasMultiplierWeiPerEth",
            "type": "uint64"
          },
          {
            "internalType": "uint64",
            "name": "premiumMultiplierWeiPerEth",
            "type": "uint64"
          },
          {
            "internalType": "bool",
            "name": "enabled",
            "type": "bool"
          }
        ],
        "internalType": "struct EVM2EVMOnRamp.FeeTokenConfigArgs[]",
        "name": "feeTokenConfigArgs",
        "type": "tuple[]"
      }
    ],
    "name": "setFeeTokenConfig",
    "outputs": [],
    "stateMutability": "nonpayable",
    "type": "function"
  },
  {
    "inputs": [
      {
        "components": [
          {
            "internalType": "address",
            "name": "nop",
            "type": "address"
          },
          {
            "internalType": "uint16",
            "name": "weight",
            "type": "uint16"
          }
        ],
        "internalType": "struct EVM2EVMOnRamp.NopAndWeight[]",
        "name": "nopsAndWeights",
        "type": "tuple[]"
      }
    ],
    "name": "setNops",
    "outputs": [],
    "stateMutability": "nonpayable",
    "type": "function"
  },
  {
    "inputs": [
      {
        "components": [
          {
            "internalType": "bool",
            "name": "isEnabled",
            "type": "bool"
          },
          {
            "internalType": "uint128",
            "name": "capacity",
            "type": "uint128"
          },
          {
            "internalType": "uint128",
            "name": "rate",
            "type": "uint128"
          }
        ],
        "internalType": "struct RateLimiter.Config",
        "name": "config",
        "type": "tuple"
      }
    ],
    "name": "setRateLimiterConfig",
    "outputs": [],
    "stateMutability": "nonpayable",
    "type": "function"
  },
  {
    "inputs": [
      {
        "components": [
          {
            "internalType": "address",
            "name": "token",
            "type": "address"
          },
          {
            "internalType": "uint32",
            "name": "minFeeUSDCents",
            "type": "uint32"
          },
          {
            "internalType": "uint32",
            "name": "maxFeeUSDCents",
            "type": "uint32"
          },
          {
            "internalType": "uint16",
            "name": "deciBps",
            "type": "uint16"
          },
          {
            "internalType": "uint32",
            "name": "destGasOverhead",
            "type": "uint32"
          },
          {
            "internalType": "uint32",
            "name": "destBytesOverhead",
            "type": "uint32"
          }
        ],
        "internalType": "struct EVM2EVMOnRamp.TokenTransferFeeConfigArgs[]",
        "name": "tokenTransferFeeConfigArgs",
        "type": "tuple[]"
      }
    ],
    "name": "setTokenTransferFeeConfig",
    "outputs": [],
    "stateMutability": "nonpayable",
    "type": "function"
  },
  {
    "inputs": [
      {
        "internalType": "address",
        "name": "to",
        "type": "address"
      }
    ],
    "name": "transferOwnership",
    "outputs": [],
    "stateMutability": "nonpayable",
    "type": "function"
  },
  {
    "inputs": [],
    "name": "typeAndVersion",
    "outputs": [
      {
        "internalType": "string",
        "name": "",
        "type": "string"
      }
    ],
    "stateMutability": "view",
    "type": "function"
  },
  {
    "inputs": [
      {
        "internalType": "address",
        "name": "feeToken",
        "type": "address"
      },
      {
        "internalType": "address",
        "name": "to",
        "type": "address"
      }
    ],
    "name": "withdrawNonLinkFees",
    "outputs": [],
    "stateMutability": "nonpayable",
    "type": "function"
  }
]
